<?xml version="1.0" encoding="UTF-8"?>
<GenRun Id="synth_1" LaunchPart="xc7a35tcpg236-1" LaunchTime="1717951119" LaunchIncrCheckpoint="$PSRCDIR/utils_1/imports/synth_1/schema_final_wrapper.dcp">
  <File Type="PA-TCL" Name="schema_final_wrapper.tcl"/>
  <File Type="RDS-PROPCONSTRS" Name="schema_final_wrapper_drc_synth.rpt"/>
  <File Type="REPORTS-TCL" Name="schema_final_wrapper_reports.tcl"/>
  <File Type="RDS-RDS" Name="schema_final_wrapper.vds"/>
  <File Type="RDS-UTIL" Name="schema_final_wrapper_utilization_synth.rpt"/>
  <File Type="RDS-UTIL-PB" Name="schema_final_wrapper_utilization_synth.pb"/>
  <File Type="RDS-DCP" Name="schema_final_wrapper.dcp"/>
  <File Type="VDS-TIMINGSUMMARY" Name="schema_final_wrapper_timing_summary_synth.rpt"/>
  <File Type="VDS-TIMING-PB" Name="schema_final_wrapper_timing_summary_synth.pb"/>
  <FileSet Name="sources" Type="DesignSrcs" RelSrcDir="$PSRCDIR/sources_1" RelGenDir="$PGENDIR/sources_1">
    <Filter Type="Srcs"/>
    <File Path="$PPRDIR/../../../Users/Latitude 7280/Desktop/Photon_VHDL_CODE/CC.vhd">
      <FileInfo>
        <Attr Name="UsedIn" Val="synthesis"/>
        <Attr Name="UsedIn" Val="simulation"/>
      </FileInfo>
    </File>
    <File Path="$PPRDIR/../../../Users/Latitude 7280/Desktop/Photon_VHDL_CODE/detecteur.vhd">
      <FileInfo>
        <Attr Name="UsedIn" Val="synthesis"/>
        <Attr Name="UsedIn" Val="simulation"/>
      </FileInfo>
    </File>
    <File Path="$PPRDIR/../../../Users/Latitude 7280/Desktop/Photon_VHDL_CODE/counter.vhd">
      <FileInfo>
        <Attr Name="UsedIn" Val="synthesis"/>
        <Attr Name="UsedIn" Val="simulation"/>
      </FileInfo>
    </File>
    <File Path="$PPRDIR/../../../Users/Latitude 7280/Desktop/Photon_VHDL_CODE/Devider_2KHZ.vhd">
      <FileInfo>
        <Attr Name="UsedIn" Val="synthesis"/>
        <Attr Name="UsedIn" Val="simulation"/>
      </FileInfo>
    </File>
    <File Path="$PPRDIR/../../../Users/Latitude 7280/Desktop/Photon_VHDL_CODE/RX_PART.vhd">
      <FileInfo>
        <Attr Name="UsedIn" Val="synthesis"/>
        <Attr Name="UsedIn" Val="simulation"/>
      </FileInfo>
    </File>
    <File Path="$PPRDIR/../../../Users/Latitude 7280/Desktop/Photon_VHDL_CODE/UART_RX.vhd">
      <FileInfo>
        <Attr Name="UsedIn" Val="synthesis"/>
        <Attr Name="UsedIn" Val="simulation"/>
      </FileInfo>
    </File>
    <File Path="$PPRDIR/../../../Users/Latitude 7280/Desktop/Photon_VHDL_CODE/SENDER.vhd">
      <FileInfo>
        <Attr Name="UsedIn" Val="synthesis"/>
        <Attr Name="UsedIn" Val="simulation"/>
      </FileInfo>
    </File>
    <File Path="$PPRDIR/../../../Users/Latitude 7280/Desktop/Photon_VHDL_CODE/OR_FINISH.vhd">
      <FileInfo>
        <Attr Name="UsedIn" Val="synthesis"/>
        <Attr Name="UsedIn" Val="simulation"/>
      </FileInfo>
    </File>
    <File Path="$PSRCDIR/sources_1/bd/schema_final/schema_final.bd">
      <FileInfo>
        <Attr Name="UsedIn" Val="synthesis"/>
        <Attr Name="UsedIn" Val="implementation"/>
        <Attr Name="UsedIn" Val="simulation"/>
      </FileInfo>
    </File>
    <File Path="$PGENDIR/sources_1/bd/schema_final/hdl/schema_final_wrapper.vhd">
      <FileInfo>
        <Attr Name="UsedIn" Val="synthesis"/>
        <Attr Name="UsedIn" Val="simulation"/>
      </FileInfo>
    </File>
    <File Path="$PPRDIR/../../../Users/Latitude 7280/Desktop/Photon_VHDL_CODE/generateur.vhd">
      <FileInfo>
        <Attr Name="AutoDisabled" Val="1"/>
        <Attr Name="UsedIn" Val="synthesis"/>
        <Attr Name="UsedIn" Val="simulation"/>
      </FileInfo>
    </File>
    <Config>
      <Option Name="DesignMode" Val="RTL"/>
      <Option Name="TopModule" Val="schema_final_wrapper"/>
      <Option Name="TopAutoSet" Val="TRUE"/>
    </Config>
  </FileSet>
  <FileSet Name="constrs_in" Type="Constrs" RelSrcDir="$PSRCDIR/constrs_1" RelGenDir="$PGENDIR/constrs_1">
    <Filter Type="Constrs"/>
    <File Path="$PSRCDIR/constrs_1/new/MASTER.xdc">
      <FileInfo>
        <Attr Name="UsedIn" Val="synthesis"/>
        <Attr Name="UsedIn" Val="implementation"/>
      </FileInfo>
    </File>
    <Config>
      <Option Name="TargetConstrsFile" Val="$PSRCDIR/constrs_1/new/MASTER.xdc"/>
      <Option Name="ConstrsType" Val="XDC"/>
    </Config>
  </FileSet>
  <FileSet Name="utils" Type="Utils" RelSrcDir="$PSRCDIR/utils_1" RelGenDir="$PGENDIR/utils_1">
    <Filter Type="Utils"/>
    <File Path="$PSRCDIR/utils_1/imports/synth_1/schema_final_wrapper.dcp">
      <FileInfo>
        <Attr Name="UsedIn" Val="synthesis"/>
        <Attr Name="UsedIn" Val="implementation"/>
        <Attr Name="UsedInSteps" Val="synth_1"/>
        <Attr Name="AutoDcp" Val="1"/>
      </FileInfo>
    </File>
    <Config>
      <Option Name="TopAutoSet" Val="TRUE"/>
    </Config>
  </FileSet>
  <Strategy Version="1" Minor="2">
    <StratHandle Name="Vivado Synthesis Defaults" Flow="Vivado Synthesis 2023">
      <Desc>Vivado Synthesis Defaults</Desc>
    </StratHandle>
    <Step Id="synth_design"/>
  </Strategy>
  <BlockFileSet Type="BlockSrcs" Name="schema_final_CC_0_0"/>
  <BlockFileSet Type="BlockSrcs" Name="schema_final_UART_RX_0_0"/>
  <BlockFileSet Type="BlockSrcs" Name="schema_final_detecteur_0_0"/>
  <BlockFileSet Type="BlockSrcs" Name="schema_final_counter_1_0"/>
  <BlockFileSet Type="BlockSrcs" Name="schema_final_clk_wiz_0_2"/>
  <BlockFileSet Type="BlockSrcs" Name="schema_final_detecteur_1_0"/>
  <BlockFileSet Type="BlockSrcs" Name="schema_final_RX_PART_0_0"/>
  <BlockFileSet Type="BlockSrcs" Name="schema_final_counter_0_0"/>
  <BlockFileSet Type="BlockSrcs" Name="schema_final_Devider_2KHZ_0_0"/>
  <BlockFileSet Type="BlockSrcs" Name="schema_final_SENDER_0_0"/>
  <BlockFileSet Type="BlockSrcs" Name="schema_final_OR_FINISH_0_0"/>
</GenRun>
