<?xml version="1.0" encoding="UTF-8"?>
<GenRun Id="schema_final_Devider_2KHZ_0_0_synth_1" LaunchPart="xc7a35tcpg236-1" LaunchTime="1717949175">
  <File Type="PA-TCL" Name="schema_final_Devider_2KHZ_0_0.tcl"/>
  <File Type="REPORTS-TCL" Name="schema_final_Devider_2KHZ_0_0_reports.tcl"/>
  <File Type="RDS-RDS" Name="schema_final_Devider_2KHZ_0_0.vds"/>
  <File Type="RDS-UTIL" Name="schema_final_Devider_2KHZ_0_0_utilization_synth.rpt"/>
  <File Type="RDS-UTIL-PB" Name="schema_final_Devider_2KHZ_0_0_utilization_synth.pb"/>
  <File Type="RDS-DCP" Name="schema_final_Devider_2KHZ_0_0.dcp"/>
  <FileSet Name="sources" Type="BlockSrcs" RelSrcDir="$PSRCDIR/schema_final_Devider_2KHZ_0_0" RelGenDir="$PGENDIR/schema_final_Devider_2KHZ_0_0">
    <File Path="$PSRCDIR/sources_1/bd/schema_final/ip/schema_final_Devider_2KHZ_0_0/schema_final_Devider_2KHZ_0_0.xci">
      <FileInfo>
        <Attr Name="UsedIn" Val="synthesis"/>
        <Attr Name="UsedIn" Val="implementation"/>
        <Attr Name="UsedIn" Val="simulation"/>
      </FileInfo>
    </File>
    <Config>
      <Option Name="TopModule" Val="schema_final_Devider_2KHZ_0_0"/>
      <Option Name="UseBlackboxStub" Val="1"/>
    </Config>
  </FileSet>
  <FileSet Name="constrs_in" Type="BlockSrcs" RelSrcDir="$PSRCDIR/schema_final_Devider_2KHZ_0_0" RelGenDir="$PGENDIR/schema_final_Devider_2KHZ_0_0">
    <File Path="$PSRCDIR/sources_1/bd/schema_final/ip/schema_final_Devider_2KHZ_0_0/schema_final_Devider_2KHZ_0_0.xci">
      <FileInfo>
        <Attr Name="UsedIn" Val="synthesis"/>
        <Attr Name="UsedIn" Val="implementation"/>
        <Attr Name="UsedIn" Val="simulation"/>
      </FileInfo>
    </File>
    <Config>
      <Option Name="TopModule" Val="schema_final_Devider_2KHZ_0_0"/>
      <Option Name="UseBlackboxStub" Val="1"/>
    </Config>
  </FileSet>
  <FileSet Name="utils" Type="Utils" RelSrcDir="$PSRCDIR/utils_1" RelGenDir="$PGENDIR/utils_1">
    <Filter Type="Utils"/>
    <Config>
      <Option Name="TopAutoSet" Val="TRUE"/>
    </Config>
  </FileSet>
  <Strategy Version="1" Minor="2">
    <StratHandle Name="Vivado Synthesis Defaults" Flow="Vivado Synthesis 2023"/>
    <Step Id="synth_design"/>
  </Strategy>
</GenRun>
