<?xml version="1.0" encoding="UTF-8"?>
<GenRun Id="impl_1" LaunchPart="xc7a35tcpg236-1" LaunchTime="1717951128">
  <File Type="ROUTE-PWR" Name="schema_final_wrapper_power_routed.rpt"/>
  <File Type="PA-TCL" Name="schema_final_wrapper.tcl"/>
  <File Type="ROUTE-PWR-SUM" Name="schema_final_wrapper_power_summary_routed.pb"/>
  <File Type="REPORTS-TCL" Name="schema_final_wrapper_reports.tcl"/>
  <File Type="OPT-RQA-PB" Name="schema_final_wrapper_rqa_opted.pb"/>
  <File Type="BITSTR-MMI" Name="schema_final_wrapper.mmi"/>
  <File Type="OPT-METHODOLOGY-DRC" Name="schema_final_wrapper_methodology_drc_opted.rpt"/>
  <File Type="INIT-TIMING" Name="schema_final_wrapper_timing_summary_init.rpt"/>
  <File Type="OPT-TIMING" Name="schema_final_wrapper_timing_summary_opted.rpt"/>
  <File Type="OPT-DCP" Name="schema_final_wrapper_opt.dcp"/>
  <File Type="OPT-DRC" Name="schema_final_wrapper_drc_opted.rpt"/>
  <File Type="OPT-HWDEF" Name="schema_final_wrapper.hwdef"/>
  <File Type="PWROPT-DCP" Name="schema_final_wrapper_pwropt.dcp"/>
  <File Type="PWROPT-DRC" Name="schema_final_wrapper_drc_pwropted.rpt"/>
  <File Type="PWROPT-TIMING" Name="schema_final_wrapper_timing_summary_pwropted.rpt"/>
  <File Type="PLACE-DCP" Name="schema_final_wrapper_placed.dcp"/>
  <File Type="PLACE-IO" Name="schema_final_wrapper_io_placed.rpt"/>
  <File Type="PLACE-CLK" Name="schema_final_wrapper_clock_utilization_placed.rpt"/>
  <File Type="PLACE-UTIL" Name="schema_final_wrapper_utilization_placed.rpt"/>
  <File Type="PLACE-UTIL-PB" Name="schema_final_wrapper_utilization_placed.pb"/>
  <File Type="PLACE-CTRL" Name="schema_final_wrapper_control_sets_placed.rpt"/>
  <File Type="PLACE-SIMILARITY" Name="schema_final_wrapper_incremental_reuse_placed.rpt"/>
  <File Type="PLACE-PRE-SIMILARITY" Name="schema_final_wrapper_incremental_reuse_pre_placed.rpt"/>
  <File Type="BG-BIN" Name="schema_final_wrapper.bin"/>
  <File Type="PLACE-TIMING" Name="schema_final_wrapper_timing_summary_placed.rpt"/>
  <File Type="ROUTE-PWR-RPX" Name="schema_final_wrapper_power_routed.rpx"/>
  <File Type="PLACE-RQA-PB" Name="schema_final_wrapper_rqa_placed.pb"/>
  <File Type="POSTPLACE-PWROPT-DCP" Name="schema_final_wrapper_postplace_pwropt.dcp"/>
  <File Type="BITSTR-MSK" Name="schema_final_wrapper.msk"/>
  <File Type="POSTPLACE-PWROPT-TIMING" Name="schema_final_wrapper_timing_summary_postplace_pwropted.rpt"/>
  <File Type="PHYSOPT-DCP" Name="schema_final_wrapper_physopt.dcp"/>
  <File Type="PHYSOPT-DRC" Name="schema_final_wrapper_drc_physopted.rpt"/>
  <File Type="BITSTR-RBT" Name="schema_final_wrapper.rbt"/>
  <File Type="PHYSOPT-TIMING" Name="schema_final_wrapper_timing_summary_physopted.rpt"/>
  <File Type="ROUTE-ERROR-DCP" Name="schema_final_wrapper_routed_error.dcp"/>
  <File Type="ROUTE-DCP" Name="schema_final_wrapper_routed.dcp"/>
  <File Type="ROUTE-BLACKBOX-DCP" Name="schema_final_wrapper_routed_bb.dcp"/>
  <File Type="ROUTE-DRC" Name="schema_final_wrapper_drc_routed.rpt"/>
  <File Type="ROUTE-DRC-PB" Name="schema_final_wrapper_drc_routed.pb"/>
  <File Type="ROUTE-DRC-RPX" Name="schema_final_wrapper_drc_routed.rpx"/>
  <File Type="ROUTE-METHODOLOGY-DRC" Name="schema_final_wrapper_methodology_drc_routed.rpt"/>
  <File Type="ROUTE-METHODOLOGY-DRC-RPX" Name="schema_final_wrapper_methodology_drc_routed.rpx"/>
  <File Type="ROUTE-METHODOLOGY-DRC-PB" Name="schema_final_wrapper_methodology_drc_routed.pb"/>
  <File Type="ROUTE-RQS-PB" Name="schema_final_wrapper_rqs_routed.pb"/>
  <File Type="ROUTE-STATUS" Name="schema_final_wrapper_route_status.rpt"/>
  <File Type="ROUTE-STATUS-PB" Name="schema_final_wrapper_route_status.pb"/>
  <File Type="ROUTE-TIMINGSUMMARY" Name="schema_final_wrapper_timing_summary_routed.rpt"/>
  <File Type="ROUTE-TIMING-PB" Name="schema_final_wrapper_timing_summary_routed.pb"/>
  <File Type="ROUTE-TIMING-RPX" Name="schema_final_wrapper_timing_summary_routed.rpx"/>
  <File Type="ROUTE-SIMILARITY" Name="schema_final_wrapper_incremental_reuse_routed.rpt"/>
  <File Type="ROUTE-CLK" Name="schema_final_wrapper_clock_utilization_routed.rpt"/>
  <File Type="ROUTE-BUS-SKEW" Name="schema_final_wrapper_bus_skew_routed.rpt"/>
  <File Type="ROUTE-BUS-SKEW-PB" Name="schema_final_wrapper_bus_skew_routed.pb"/>
  <File Type="ROUTE-BUS-SKEW-RPX" Name="schema_final_wrapper_bus_skew_routed.rpx"/>
  <File Type="POSTROUTE-PHYSOPT-DCP" Name="schema_final_wrapper_postroute_physopt.dcp"/>
  <File Type="POSTROUTE-PHYSOPT-BLACKBOX-DCP" Name="schema_final_wrapper_postroute_physopt_bb.dcp"/>
  <File Type="POSTROUTE-PHYSOPT-TIMING" Name="schema_final_wrapper_timing_summary_postroute_physopted.rpt"/>
  <File Type="POSTROUTE-PHYSOPT-TIMING-PB" Name="schema_final_wrapper_timing_summary_postroute_physopted.pb"/>
  <File Type="POSTROUTE-PHYSOPT-TIMING-RPX" Name="schema_final_wrapper_timing_summary_postroute_physopted.rpx"/>
  <File Type="POSTROUTE-PHYSOPT-BUS-SKEW" Name="schema_final_wrapper_bus_skew_postroute_physopted.rpt"/>
  <File Type="BG-BIT" Name="schema_final_wrapper.bit"/>
  <File Type="POSTROUTE-PHYSOPT-BUS-SKEW-PB" Name="schema_final_wrapper_bus_skew_postroute_physopted.pb"/>
  <File Type="POSTROUTE-PHYSOPT-BUS-SKEW-RPX" Name="schema_final_wrapper_bus_skew_postroute_physopted.rpx"/>
  <File Type="BITSTR-NKY" Name="schema_final_wrapper.nky"/>
  <File Type="BITSTR-BMM" Name="schema_final_wrapper_bd.bmm"/>
  <File Type="PDI-FILE" Name="schema_final_wrapper.pdi"/>
  <File Type="BOOT-PDI-FILE" Name="schema_final_wrapper_boot.pdi"/>
  <File Type="PL-PDI-FILE" Name="schema_final_wrapper_pld.pdi"/>
  <File Type="RCFI_FILE" Name="schema_final_wrapper.rcfi"/>
  <File Type="CFI_FILE" Name="schema_final_wrapper.cfi"/>
  <File Type="RNPI_FILE" Name="schema_final_wrapper.rnpi"/>
  <File Type="NPI_FILE" Name="schema_final_wrapper.npi"/>
  <File Type="RBD_FILE" Name="schema_final_wrapper.rbd"/>
  <File Type="BITSTR-LTX" Name="debug_nets.ltx"/>
  <File Type="BITSTR-LTX" Name="schema_final_wrapper.ltx"/>
  <File Type="BITSTR-SYSDEF" Name="schema_final_wrapper.sysdef"/>
  <File Type="BG-BGN" Name="schema_final_wrapper.bgn"/>
  <File Type="BG-DRC" Name="schema_final_wrapper.drc"/>
  <File Type="RDI-RDI" Name="schema_final_wrapper.vdi"/>
  <File Type="WBT-USG" Name="usage_statistics_webtalk.html"/>
  <File Type="ROUTE-RQS" Name="schema_final_wrapper_routed.rqs"/>
  <File Type="POSTROUTE-PHYSOPT-RQS" Name="schema_final_wrapper_postroute_physopted.rqs"/>
  <File Type="ROUTE-RQS-RPT" Name="route_report_qor_suggestions_0.rpt"/>
  <File Type="POSTROUTE-PHYSOPT-RQS-RPT" Name="postroute_physopt_report_qor_suggestions_0.rpt"/>
  <FileSet Name="sources" Type="DesignSrcs" RelSrcDir="$PSRCDIR/sources_1" RelGenDir="$PGENDIR/sources_1">
    <Filter Type="Srcs"/>
    <File Path="$PPRDIR/../../../Users/Latitude 7280/Desktop/Photon_VHDL_CODE/CC.vhd">
      <FileInfo>
        <Attr Name="UsedIn" Val="synthesis"/>
        <Attr Name="UsedIn" Val="simulation"/>
      </FileInfo>
    </File>
    <File Path="$PPRDIR/../../../Users/Latitude 7280/Desktop/Photon_VHDL_CODE/detecteur.vhd">
      <FileInfo>
        <Attr Name="UsedIn" Val="synthesis"/>
        <Attr Name="UsedIn" Val="simulation"/>
      </FileInfo>
    </File>
    <File Path="$PPRDIR/../../../Users/Latitude 7280/Desktop/Photon_VHDL_CODE/counter.vhd">
      <FileInfo>
        <Attr Name="UsedIn" Val="synthesis"/>
        <Attr Name="UsedIn" Val="simulation"/>
      </FileInfo>
    </File>
    <File Path="$PPRDIR/../../../Users/Latitude 7280/Desktop/Photon_VHDL_CODE/Devider_2KHZ.vhd">
      <FileInfo>
        <Attr Name="UsedIn" Val="synthesis"/>
        <Attr Name="UsedIn" Val="simulation"/>
      </FileInfo>
    </File>
    <File Path="$PPRDIR/../../../Users/Latitude 7280/Desktop/Photon_VHDL_CODE/RX_PART.vhd">
      <FileInfo>
        <Attr Name="UsedIn" Val="synthesis"/>
        <Attr Name="UsedIn" Val="simulation"/>
      </FileInfo>
    </File>
    <File Path="$PPRDIR/../../../Users/Latitude 7280/Desktop/Photon_VHDL_CODE/UART_RX.vhd">
      <FileInfo>
        <Attr Name="UsedIn" Val="synthesis"/>
        <Attr Name="UsedIn" Val="simulation"/>
      </FileInfo>
    </File>
    <File Path="$PPRDIR/../../../Users/Latitude 7280/Desktop/Photon_VHDL_CODE/SENDER.vhd">
      <FileInfo>
        <Attr Name="UsedIn" Val="synthesis"/>
        <Attr Name="UsedIn" Val="simulation"/>
      </FileInfo>
    </File>
    <File Path="$PPRDIR/../../../Users/Latitude 7280/Desktop/Photon_VHDL_CODE/OR_FINISH.vhd">
      <FileInfo>
        <Attr Name="UsedIn" Val="synthesis"/>
        <Attr Name="UsedIn" Val="simulation"/>
      </FileInfo>
    </File>
    <File Path="$PSRCDIR/sources_1/bd/schema_final/schema_final.bd">
      <FileInfo>
        <Attr Name="UsedIn" Val="synthesis"/>
        <Attr Name="UsedIn" Val="implementation"/>
        <Attr Name="UsedIn" Val="simulation"/>
      </FileInfo>
    </File>
    <File Path="$PGENDIR/sources_1/bd/schema_final/hdl/schema_final_wrapper.vhd">
      <FileInfo>
        <Attr Name="UsedIn" Val="synthesis"/>
        <Attr Name="UsedIn" Val="simulation"/>
      </FileInfo>
    </File>
    <File Path="$PPRDIR/../../../Users/Latitude 7280/Desktop/Photon_VHDL_CODE/generateur.vhd">
      <FileInfo>
        <Attr Name="AutoDisabled" Val="1"/>
        <Attr Name="UsedIn" Val="synthesis"/>
        <Attr Name="UsedIn" Val="simulation"/>
      </FileInfo>
    </File>
    <Config>
      <Option Name="DesignMode" Val="RTL"/>
      <Option Name="TopModule" Val="schema_final_wrapper"/>
      <Option Name="TopAutoSet" Val="TRUE"/>
    </Config>
  </FileSet>
  <FileSet Name="constrs_in" Type="Constrs" RelSrcDir="$PSRCDIR/constrs_1" RelGenDir="$PGENDIR/constrs_1">
    <Filter Type="Constrs"/>
    <File Path="$PSRCDIR/constrs_1/new/MASTER.xdc">
      <FileInfo>
        <Attr Name="UsedIn" Val="synthesis"/>
        <Attr Name="UsedIn" Val="implementation"/>
      </FileInfo>
    </File>
    <Config>
      <Option Name="TargetConstrsFile" Val="$PSRCDIR/constrs_1/new/MASTER.xdc"/>
      <Option Name="ConstrsType" Val="XDC"/>
    </Config>
  </FileSet>
  <FileSet Name="utils" Type="Utils" RelSrcDir="$PSRCDIR/utils_1" RelGenDir="$PGENDIR/utils_1">
    <Filter Type="Utils"/>
    <File Path="$PSRCDIR/utils_1/imports/synth_1/schema_final_wrapper.dcp">
      <FileInfo>
        <Attr Name="UsedIn" Val="synthesis"/>
        <Attr Name="UsedIn" Val="implementation"/>
        <Attr Name="UsedInSteps" Val="synth_1"/>
        <Attr Name="AutoDcp" Val="1"/>
      </FileInfo>
    </File>
    <Config>
      <Option Name="TopAutoSet" Val="TRUE"/>
    </Config>
  </FileSet>
  <Strategy Version="1" Minor="2">
    <StratHandle Name="Vivado Implementation Defaults" Flow="Vivado Implementation 2023">
      <Desc>Default settings for Implementation.</Desc>
    </StratHandle>
    <Step Id="init_design"/>
    <Step Id="opt_design"/>
    <Step Id="power_opt_design"/>
    <Step Id="place_design"/>
    <Step Id="post_place_power_opt_design"/>
    <Step Id="phys_opt_design"/>
    <Step Id="route_design"/>
    <Step Id="post_route_phys_opt_design"/>
    <Step Id="write_bitstream">
      <Option Id="BinFile">1</Option>
    </Step>
  </Strategy>
  <BlockFileSet Type="BlockSrcs" Name="schema_final_CC_0_0"/>
  <BlockFileSet Type="BlockSrcs" Name="schema_final_UART_RX_0_0"/>
  <BlockFileSet Type="BlockSrcs" Name="schema_final_detecteur_0_0"/>
  <BlockFileSet Type="BlockSrcs" Name="schema_final_counter_1_0"/>
  <BlockFileSet Type="BlockSrcs" Name="schema_final_clk_wiz_0_2"/>
  <BlockFileSet Type="BlockSrcs" Name="schema_final_detecteur_1_0"/>
  <BlockFileSet Type="BlockSrcs" Name="schema_final_RX_PART_0_0"/>
  <BlockFileSet Type="BlockSrcs" Name="schema_final_counter_0_0"/>
  <BlockFileSet Type="BlockSrcs" Name="schema_final_Devider_2KHZ_0_0"/>
  <BlockFileSet Type="BlockSrcs" Name="schema_final_SENDER_0_0"/>
  <BlockFileSet Type="BlockSrcs" Name="schema_final_OR_FINISH_0_0"/>
</GenRun>
