<?xml version="1.0" encoding="UTF-8"?>
<GenRun Id="Schma_counter_1_0_synth_1" LaunchPart="xc7a35tcpg236-1" LaunchTime="1714679805">
  <File Type="PA-TCL" Name="Schma_counter_1_0.tcl"/>
  <File Type="RDS-PROPCONSTRS" Name="Schma_counter_1_0_drc_synth.rpt"/>
  <File Type="REPORTS-TCL" Name="Schma_counter_1_0_reports.tcl"/>
  <File Type="RDS-RDS" Name="Schma_counter_1_0.vds"/>
  <File Type="RDS-UTIL" Name="Schma_counter_1_0_utilization_synth.rpt"/>
  <File Type="RDS-UTIL-PB" Name="Schma_counter_1_0_utilization_synth.pb"/>
  <File Type="RDS-DCP" Name="Schma_counter_1_0.dcp"/>
  <File Type="VDS-TIMINGSUMMARY" Name="Schma_counter_1_0_timing_summary_synth.rpt"/>
  <File Type="VDS-TIMING-PB" Name="Schma_counter_1_0_timing_summary_synth.pb"/>
  <FileSet Name="sources" Type="BlockSrcs" RelSrcDir="$PSRCDIR/Schma_counter_1_0" RelGenDir="$PGENDIR/Schma_counter_1_0">
    <File Path="$PSRCDIR/sources_1/bd/Schma/ip/Schma_counter_1_0/Schma_counter_1_0.xci">
      <FileInfo>
        <Attr Name="UsedIn" Val="synthesis"/>
        <Attr Name="UsedIn" Val="implementation"/>
        <Attr Name="UsedIn" Val="simulation"/>
      </FileInfo>
    </File>
    <Config>
      <Option Name="TopModule" Val="Schma_counter_1_0"/>
      <Option Name="UseBlackboxStub" Val="1"/>
    </Config>
  </FileSet>
  <FileSet Name="constrs_in" Type="BlockSrcs" RelSrcDir="$PSRCDIR/Schma_counter_1_0" RelGenDir="$PGENDIR/Schma_counter_1_0">
    <File Path="$PSRCDIR/sources_1/bd/Schma/ip/Schma_counter_1_0/Schma_counter_1_0.xci">
      <FileInfo>
        <Attr Name="UsedIn" Val="synthesis"/>
        <Attr Name="UsedIn" Val="implementation"/>
        <Attr Name="UsedIn" Val="simulation"/>
      </FileInfo>
    </File>
    <Config>
      <Option Name="TopModule" Val="Schma_counter_1_0"/>
      <Option Name="UseBlackboxStub" Val="1"/>
    </Config>
  </FileSet>
  <FileSet Name="utils" Type="Utils" RelSrcDir="$PSRCDIR/utils_1" RelGenDir="$PGENDIR/utils_1">
    <Filter Type="Utils"/>
    <Config>
      <Option Name="TopAutoSet" Val="TRUE"/>
    </Config>
  </FileSet>
  <Strategy Version="1" Minor="2">
    <StratHandle Name="Vivado Synthesis Defaults" Flow="Vivado Synthesis 2023">
      <Desc>Vivado Synthesis Defaults</Desc>
    </StratHandle>
    <Step Id="synth_design"/>
  </Strategy>
</GenRun>
