<?xml version="1.0"?>
<Runs Version="1" Minor="0">
	<Run Id="Schma_counter_0_0_synth_1" LaunchDir="C:/FPGA/Photon/V3_PROJET/V3_PROJET.runs/Schma_counter_0_0_synth_1" FlowId="Vivado_Synthesis" FromStepId="vivado" ToStepId="vivado"/>
	<Run Id="Schma_CC_0_0_synth_1" LaunchDir="C:/FPGA/Photon/V3_PROJET/V3_PROJET.runs/Schma_CC_0_0_synth_1" FlowId="Vivado_Synthesis" FromStepId="vivado" ToStepId="vivado"/>
	<Run Id="Schma_detecteur_1_0_synth_1" LaunchDir="C:/FPGA/Photon/V3_PROJET/V3_PROJET.runs/Schma_detecteur_1_0_synth_1" FlowId="Vivado_Synthesis" FromStepId="vivado" ToStepId="vivado"/>
	<Run Id="Schma_OR_FINISH_0_0_synth_1" LaunchDir="C:/FPGA/Photon/V3_PROJET/V3_PROJET.runs/Schma_OR_FINISH_0_0_synth_1" FlowId="Vivado_Synthesis" FromStepId="vivado" ToStepId="vivado"/>
	<Run Id="Schma_generateur_0_0_synth_1" LaunchDir="C:/FPGA/Photon/V3_PROJET/V3_PROJET.runs/Schma_generateur_0_0_synth_1" FlowId="Vivado_Synthesis" FromStepId="vivado" ToStepId="vivado"/>
	<Run Id="Schma_SENDER_0_0_synth_1" LaunchDir="C:/FPGA/Photon/V3_PROJET/V3_PROJET.runs/Schma_SENDER_0_0_synth_1" FlowId="Vivado_Synthesis" FromStepId="vivado" ToStepId="vivado"/>
	<Run Id="Schma_Devider_2KHZ_0_0_synth_1" LaunchDir="C:/FPGA/Photon/V3_PROJET/V3_PROJET.runs/Schma_Devider_2KHZ_0_0_synth_1" FlowId="Vivado_Synthesis" FromStepId="vivado" ToStepId="vivado"/>
	<Run Id="Schma_UART_RX_0_0_synth_1" LaunchDir="C:/FPGA/Photon/V3_PROJET/V3_PROJET.runs/Schma_UART_RX_0_0_synth_1" FlowId="Vivado_Synthesis" FromStepId="vivado" ToStepId="vivado"/>
	<Run Id="Schma_detecteur_0_0_synth_1" LaunchDir="C:/FPGA/Photon/V3_PROJET/V3_PROJET.runs/Schma_detecteur_0_0_synth_1" FlowId="Vivado_Synthesis" FromStepId="vivado" ToStepId="vivado"/>
	<Run Id="Schma_counter_1_0_synth_1" LaunchDir="C:/FPGA/Photon/V3_PROJET/V3_PROJET.runs/Schma_counter_1_0_synth_1" FlowId="Vivado_Synthesis" FromStepId="vivado" ToStepId="vivado"/>
	<Run Id="Schma_clk_wiz_0_0_synth_1" LaunchDir="C:/FPGA/Photon/V3_PROJET/V3_PROJET.runs/Schma_clk_wiz_0_0_synth_1" FlowId="Vivado_Synthesis" FromStepId="vivado" ToStepId="vivado"/>
	<Run Id="Schma_RX_PART_0_0_synth_1" LaunchDir="C:/FPGA/Photon/V3_PROJET/V3_PROJET.runs/Schma_RX_PART_0_0_synth_1" FlowId="Vivado_Synthesis" FromStepId="vivado" ToStepId="vivado"/>
	<Run Id="synth_1" LaunchDir="C:/FPGA/Photon/V3_PROJET/V3_PROJET.runs/synth_1" FlowId="Vivado_Synthesis" FromStepId="vivado" ToStepId="vivado">
		<Parent Id="Schma_counter_0_0_synth_1"/>
		<Parent Id="Schma_CC_0_0_synth_1"/>
		<Parent Id="Schma_detecteur_1_0_synth_1"/>
		<Parent Id="Schma_OR_FINISH_0_0_synth_1"/>
		<Parent Id="Schma_generateur_0_0_synth_1"/>
		<Parent Id="Schma_SENDER_0_0_synth_1"/>
		<Parent Id="Schma_Devider_2KHZ_0_0_synth_1"/>
		<Parent Id="Schma_UART_RX_0_0_synth_1"/>
		<Parent Id="Schma_detecteur_0_0_synth_1"/>
		<Parent Id="Schma_counter_1_0_synth_1"/>
		<Parent Id="Schma_clk_wiz_0_0_synth_1"/>
		<Parent Id="Schma_RX_PART_0_0_synth_1"/>
	</Run>
	<Parameters>
		<Parameter Name="runs.monitorLSFJobs" Val="true" Type="bool"/>
		<Parameter Name="runs.enableClusterConf" Val="true" Type="bool"/>
		<Parameter Name="general.shortenLongPath" Val="true" Type="bool"/>
	</Parameters>
	<ProductInfo Name="vivado"/>
</Runs>

