<?xml version="1.0"?>
<Runs Version="1" Minor="0">
	<Run Id="schema_final_CC_0_0_synth_1" LaunchDir="C:/FPGA/Photon/PROJET_V_FINAL/PROJET_V_FINAL.runs/schema_final_CC_0_0_synth_1" FlowId="Vivado_Synthesis" FromStepId="vivado" ToStepId="vivado"/>
	<Run Id="schema_final_Devider_2KHZ_0_0_synth_1" LaunchDir="C:/FPGA/Photon/PROJET_V_FINAL/PROJET_V_FINAL.runs/schema_final_Devider_2KHZ_0_0_synth_1" FlowId="Vivado_Synthesis" FromStepId="vivado" ToStepId="vivado"/>
	<Run Id="schema_final_OR_FINISH_0_0_synth_1" LaunchDir="C:/FPGA/Photon/PROJET_V_FINAL/PROJET_V_FINAL.runs/schema_final_OR_FINISH_0_0_synth_1" FlowId="Vivado_Synthesis" FromStepId="vivado" ToStepId="vivado"/>
	<Run Id="schema_final_RX_PART_0_0_synth_1" LaunchDir="C:/FPGA/Photon/PROJET_V_FINAL/PROJET_V_FINAL.runs/schema_final_RX_PART_0_0_synth_1" FlowId="Vivado_Synthesis" FromStepId="vivado" ToStepId="vivado"/>
	<Run Id="schema_final_SENDER_0_0_synth_1" LaunchDir="C:/FPGA/Photon/PROJET_V_FINAL/PROJET_V_FINAL.runs/schema_final_SENDER_0_0_synth_1" FlowId="Vivado_Synthesis" FromStepId="vivado" ToStepId="vivado"/>
	<Run Id="schema_final_UART_RX_0_0_synth_1" LaunchDir="C:/FPGA/Photon/PROJET_V_FINAL/PROJET_V_FINAL.runs/schema_final_UART_RX_0_0_synth_1" FlowId="Vivado_Synthesis" FromStepId="vivado" ToStepId="vivado"/>
	<Run Id="schema_final_clk_wiz_0_2_synth_1" LaunchDir="C:/FPGA/Photon/PROJET_V_FINAL/PROJET_V_FINAL.runs/schema_final_clk_wiz_0_2_synth_1" FlowId="Vivado_Synthesis" FromStepId="vivado" ToStepId="vivado"/>
	<Run Id="schema_final_counter_0_0_synth_1" LaunchDir="C:/FPGA/Photon/PROJET_V_FINAL/PROJET_V_FINAL.runs/schema_final_counter_0_0_synth_1" FlowId="Vivado_Synthesis" FromStepId="vivado" ToStepId="vivado"/>
	<Run Id="schema_final_counter_1_0_synth_1" LaunchDir="C:/FPGA/Photon/PROJET_V_FINAL/PROJET_V_FINAL.runs/schema_final_counter_1_0_synth_1" FlowId="Vivado_Synthesis" FromStepId="vivado" ToStepId="vivado"/>
	<Run Id="schema_final_detecteur_0_0_synth_1" LaunchDir="C:/FPGA/Photon/PROJET_V_FINAL/PROJET_V_FINAL.runs/schema_final_detecteur_0_0_synth_1" FlowId="Vivado_Synthesis" FromStepId="vivado" ToStepId="vivado"/>
	<Run Id="schema_final_detecteur_1_0_synth_1" LaunchDir="C:/FPGA/Photon/PROJET_V_FINAL/PROJET_V_FINAL.runs/schema_final_detecteur_1_0_synth_1" FlowId="Vivado_Synthesis" FromStepId="vivado" ToStepId="vivado"/>
	<Parameters>
		<Parameter Name="runs.monitorLSFJobs" Val="true" Type="bool"/>
		<Parameter Name="runs.enableClusterConf" Val="true" Type="bool"/>
		<Parameter Name="general.shortenLongPath" Val="true" Type="bool"/>
	</Parameters>
	<ProductInfo Name="vivado"/>
</Runs>

